knnicad, /Users/vlad/Desktop/Conformal Anomaly Detection/data/data_nab
1624, 0.854156
2500, 1.642573
4032, 2.944718
4032, 2.793036
1624, 0.718475
4032, 2.334554
4032, 2.405867
1127, 0.45655
2500, 1.148104
1538, 0.647056
2162, 0.956619
4032, 2.08368
4032, 2.215667
4032, 2.080949
2500, 1.160049
4032, 2.044208
4032, 2.086478
4730, 2.621944
4032, 2.181296
15851, 19.414043
1243, 0.473685
